PO_FromQuote_Q!_FilterDatabase,=PO_FromQuote_Q!$A$3:$AE$3,
PO_Q!_FilterDatabase,=PO_Q!$A$3:$AA$3,
PO_TEMPLATE2!BULK_PO_ITEMS_TABLE,=PO_TEMPLATE2!$B$21:$K$324,
BULK_PO_ITEMS_TABLE,=BulkPO_Helper!$B$21:$K$324,
PO_T_LINE_ITEMS_TABLE,=PO_FORM!$B$18:$K$343,
PO_T_PO_APPROVER_ID,=PO_FORM!$C$8,
PO_T_PO_BUSINESS_UNIT,=PO_FORM!$C$3,
PO_T_PO_BUYER_ID,=PO_FORM!$C$7,
PO_T_PO_COMMENTS,=PO_FORM!$C$12,
PO_T_PO_REF,=PO_FORM!$C$10,
PO_T_PO_VENDOR_LOCATION,=PO_FORM!$C$6,
PO_T_PO_VENDOR_NAME_SHORT,=PO_FORM!$C$5,
PO_T_TAG,=PO_FORM!$F$4,
BulkPO_Export!Print_Area,=BulkPO_Export!$A$1:$AI$55,
BulkPO_Export!Print_Titles,=BulkPO_Export!$1:$1,
